"il","neden","gelen_sayi","giden_sayi","net_goc"
"Adana","Tayin / iş değişikliği Assignation / change of job",6221,5251,970
"Adana","İşe başlamak / iş bulmak Starting / finding a job",3796,4260,-464
"Adana","Eğitim Education",8595,12816,-4221
"Adana","Daha iyi konut ve yaşam koşulları Better housing and living conditions",11416,10465,951
"Adana","Hane / aile fertlerinden birine bağımlı göç Migration related to any member of the household / family",11715,12071,-356
"Adana","Aile yanına / memlekete geri dönme(1) Returning to family home / hometown(1)",4134,2688,1446
"Adana","Sağlık / bakım Health / care",259,263,-4
"Adana","Ev alınması Buying a house",976,1255,-279
"Adana","Emeklilik Retirement",231,237,-6
"Adana","Diğer Other",746,998,-252
"Adana","Bilinmeyen Unknown",4606,2361,2245
"Adıyaman","Tayin / iş değişikliği Assignation / change of job",1637,2069,-432
"Adıyaman","İşe başlamak / iş bulmak Starting / finding a job",1248,1663,-415
"Adıyaman","Eğitim Education",3813,4609,-796
"Adıyaman","Daha iyi konut ve yaşam koşulları Better housing and living conditions",2607,4202,-1595
"Adıyaman","Hane / aile fertlerinden birine bağımlı göç Migration related to any member of the household / family",3402,4362,-960
"Adıyaman","Aile yanına / memlekete geri dönme(1) Returning to family home / hometown(1)",6877,1203,5674
"Adıyaman","Sağlık / bakım Health / care",71,104,-33
"Adıyaman","Ev alınması Buying a house",286,475,-189
"Adıyaman","Emeklilik Retirement",47,56,-9
"Adıyaman","Diğer Other",396,370,26
"Adıyaman","Bilinmeyen Unknown",1132,810,322
"Afyonkarahisar","Tayin / iş değişikliği Assignation / change of job",2199,2770,-571
"Afyonkarahisar","İşe başlamak / iş bulmak Starting / finding a job",1681,2657,-976
"Afyonkarahisar","Eğitim Education",5631,5081,550
"Afyonkarahisar","Daha iyi konut ve yaşam koşulları Better housing and living conditions",3299,3914,-615
"Afyonkarahisar","Hane / aile fertlerinden birine bağımlı göç Migration related to any member of the household / family",3941,4808,-867
"Afyonkarahisar","Aile yanına / memlekete geri dönme(1) Returning to family home / hometown(1)",542,753,-211
"Afyonkarahisar","Sağlık / bakım Health / care",123,204,-81
"Afyonkarahisar","Ev alınması Buying a house",411,803,-392
"Afyonkarahisar","Emeklilik Retirement",131,97,34
"Afyonkarahisar","Diğer Other",469,404,65
"Afyonkarahisar","Bilinmeyen Unknown",1397,2152,-755
"Ağrı","Tayin / iş değişikliği Assignation / change of job",1848,4427,-2579
"Ağrı","İşe başlamak / iş bulmak Starting / finding a job",702,2483,-1781
"Ağrı","Eğitim Education",2449,3552,-1103
"Ağrı","Daha iyi konut ve yaşam koşulları Better housing and living conditions",1954,5735,-3781
"Ağrı","Hane / aile fertlerinden birine bağımlı göç Migration related to any member of the household / family",4389,10056,-5667
"Ağrı","Aile yanına / memlekete geri dönme(1) Returning to family home / hometown(1)",635,358,277
"Ağrı","Sağlık / bakım Health / care",46,97,-51
"Ağrı","Ev alınması Buying a house",267,978,-711
"Ağrı","Emeklilik Retirement",11,66,-55
"Ağrı","Diğer Other",453,550,-97
"Ağrı","Bilinmeyen Unknown",909,877,32
"Amasya","Tayin / iş değişikliği Assignation / change of job",1472,1594,-122
"Amasya","İşe başlamak / iş bulmak Starting / finding a job",830,1444,-614
"Amasya","Eğitim Education",3269,3051,218
"Amasya","Daha iyi konut ve yaşam koşulları Better housing and living conditions",2375,2348,27
"Amasya","Hane / aile fertlerinden birine bağımlı göç Migration related to any member of the household / family",2856,2931,-75
"Amasya","Aile yanına / memlekete geri dönme(1) Returning to family home / hometown(1)",294,471,-177
"Amasya","Sağlık / bakım Health / care",161,115,46
"Amasya","Ev alınması Buying a house",429,397,32
"Amasya","Emeklilik Retirement",320,71,249
"Amasya","Diğer Other",282,271,11
"Amasya","Bilinmeyen Unknown",903,1049,-146
"Ankara","Tayin / iş değişikliği Assignation / change of job",24074,18554,5520
"Ankara","İşe başlamak / iş bulmak Starting / finding a job",19217,11161,8056
"Ankara","Eğitim Education",32839,26643,6196
"Ankara","Daha iyi konut ve yaşam koşulları Better housing and living conditions",40350,25221,15129
"Ankara","Hane / aile fertlerinden birine bağımlı göç Migration related to any member of the household / family",42968,29754,13214
"Ankara","Aile yanına / memlekete geri dönme(1) Returning to family home / hometown(1)",2799,10723,-7924
"Ankara","Sağlık / bakım Health / care",1407,1013,394
"Ankara","Ev alınması Buying a house",11155,3971,7184
"Ankara","Emeklilik Retirement",1255,1198,57
"Ankara","Diğer Other",2968,3358,-390
"Ankara","Bilinmeyen Unknown",11761,10988,773
"Antalya","Tayin / iş değişikliği Assignation / change of job",9557,5522,4035
"Antalya","İşe başlamak / iş bulmak Starting / finding a job",12409,5242,7167
"Antalya","Eğitim Education",11279,13379,-2100
"Antalya","Daha iyi konut ve yaşam koşulları Better housing and living conditions",19998,14844,5154
"Antalya","Hane / aile fertlerinden birine bağımlı göç Migration related to any member of the household / family",25016,13953,11063
"Antalya","Aile yanına / memlekete geri dönme(1) Returning to family home / hometown(1)",673,6227,-5554
"Antalya","Sağlık / bakım Health / care",598,472,126
"Antalya","Ev alınması Buying a house",2928,1990,938
"Antalya","Emeklilik Retirement",624,401,223
"Antalya","Diğer Other",1533,1372,161
"Antalya","Bilinmeyen Unknown",7168,5140,2028
"Artvin","Tayin / iş değişikliği Assignation / change of job",726,1046,-320
"Artvin","İşe başlamak / iş bulmak Starting / finding a job",412,1110,-698
"Artvin","Eğitim Education",2627,2100,527
"Artvin","Daha iyi konut ve yaşam koşulları Better housing and living conditions",859,2204,-1345
"Artvin","Hane / aile fertlerinden birine bağımlı göç Migration related to any member of the household / family",1394,1966,-572
"Artvin","Aile yanına / memlekete geri dönme(1) Returning to family home / hometown(1)",426,229,197
"Artvin","Sağlık / bakım Health / care",52,113,-61
"Artvin","Ev alınması Buying a house",141,409,-268
"Artvin","Emeklilik Retirement",75,64,11
"Artvin","Diğer Other",163,112,51
"Artvin","Bilinmeyen Unknown",465,643,-178
"Aydın","Tayin / iş değişikliği Assignation / change of job",3927,2971,956
"Aydın","İşe başlamak / iş bulmak Starting / finding a job",3053,3561,-508
"Aydın","Eğitim Education",7917,7044,873
"Aydın","Daha iyi konut ve yaşam koşulları Better housing and living conditions",8299,6590,1709
"Aydın","Hane / aile fertlerinden birine bağımlı göç Migration related to any member of the household / family",8382,6408,1974
"Aydın","Aile yanına / memlekete geri dönme(1) Returning to family home / hometown(1)",661,1951,-1290
"Aydın","Sağlık / bakım Health / care",242,273,-31
"Aydın","Ev alınması Buying a house",2568,879,1689
"Aydın","Emeklilik Retirement",385,177,208
"Aydın","Diğer Other",578,585,-7
"Aydın","Bilinmeyen Unknown",2902,3353,-451
"Balıkesir","Tayin / iş değişikliği Assignation / change of job",5102,4620,482
"Balıkesir","İşe başlamak / iş bulmak Starting / finding a job",3332,3508,-176
"Balıkesir","Eğitim Education",7334,7675,-341
"Balıkesir","Daha iyi konut ve yaşam koşulları Better housing and living conditions",8189,7316,873
"Balıkesir","Hane / aile fertlerinden birine bağımlı göç Migration related to any member of the household / family",10559,7744,2815
"Balıkesir","Aile yanına / memlekete geri dönme(1) Returning to family home / hometown(1)",1086,1429,-343
"Balıkesir","Sağlık / bakım Health / care",408,358,50
"Balıkesir","Ev alınması Buying a house",2355,1156,1199
"Balıkesir","Emeklilik Retirement",510,263,247
"Balıkesir","Diğer Other",590,530,60
"Balıkesir","Bilinmeyen Unknown",3098,3675,-577
"Bilecik","Tayin / iş değişikliği Assignation / change of job",802,981,-179
"Bilecik","İşe başlamak / iş bulmak Starting / finding a job",1206,1036,170
"Bilecik","Eğitim Education",2857,1929,928
"Bilecik","Daha iyi konut ve yaşam koşulları Better housing and living conditions",1274,1820,-546
"Bilecik","Hane / aile fertlerinden birine bağımlı göç Migration related to any member of the household / family",2178,1904,274
"Bilecik","Aile yanına / memlekete geri dönme(1) Returning to family home / hometown(1)",148,334,-186
"Bilecik","Sağlık / bakım Health / care",86,65,21
"Bilecik","Ev alınması Buying a house",222,313,-91
"Bilecik","Emeklilik Retirement",36,58,-22
"Bilecik","Diğer Other",153,113,40
"Bilecik","Bilinmeyen Unknown",539,991,-452
"Bingöl","Tayin / iş değişikliği Assignation / change of job",1421,1916,-495
"Bingöl","İşe başlamak / iş bulmak Starting / finding a job",493,1046,-553
"Bingöl","Eğitim Education",2392,2404,-12
"Bingöl","Daha iyi konut ve yaşam koşulları Better housing and living conditions",1062,2260,-1198
"Bingöl","Hane / aile fertlerinden birine bağımlı göç Migration related to any member of the household / family",2641,3536,-895
"Bingöl","Aile yanına / memlekete geri dönme(1) Returning to family home / hometown(1)",409,585,-176
"Bingöl","Sağlık / bakım Health / care",50,58,-8
"Bingöl","Ev alınması Buying a house",250,384,-134
"Bingöl","Emeklilik Retirement",33,58,-25
"Bingöl","Diğer Other",201,219,-18
"Bingöl","Bilinmeyen Unknown",595,750,-155
"Bitlis","Tayin / iş değişikliği Assignation / change of job",1708,2422,-714
"Bitlis","İşe başlamak / iş bulmak Starting / finding a job",993,1456,-463
"Bitlis","Eğitim Education",2408,2638,-230
"Bitlis","Daha iyi konut ve yaşam koşulları Better housing and living conditions",2103,3259,-1156
"Bitlis","Hane / aile fertlerinden birine bağımlı göç Migration related to any member of the household / family",4149,5220,-1071
"Bitlis","Aile yanına / memlekete geri dönme(1) Returning to family home / hometown(1)",281,476,-195
"Bitlis","Sağlık / bakım Health / care",20,63,-43
"Bitlis","Ev alınması Buying a house",282,469,-187
"Bitlis","Emeklilik Retirement",28,59,-31
"Bitlis","Diğer Other",211,301,-90
"Bitlis","Bilinmeyen Unknown",706,733,-27
"Bolu","Tayin / iş değişikliği Assignation / change of job",1296,1291,5
"Bolu","İşe başlamak / iş bulmak Starting / finding a job",891,1668,-777
"Bolu","Eğitim Education",4628,3109,1519
"Bolu","Daha iyi konut ve yaşam koşulları Better housing and living conditions",2320,2094,226
"Bolu","Hane / aile fertlerinden birine bağımlı göç Migration related to any member of the household / family",2572,2140,432
"Bolu","Aile yanına / memlekete geri dönme(1) Returning to family home / hometown(1)",142,358,-216
"Bolu","Sağlık / bakım Health / care",88,80,8
"Bolu","Ev alınması Buying a house",391,358,33
"Bolu","Emeklilik Retirement",80,56,24
"Bolu","Diğer Other",180,172,8
"Bolu","Bilinmeyen Unknown",681,1433,-752
"Burdur","Tayin / iş değişikliği Assignation / change of job",1042,1131,-89
"Burdur","İşe başlamak / iş bulmak Starting / finding a job",778,1737,-959
"Burdur","Eğitim Education",4737,2828,1909
"Burdur","Daha iyi konut ve yaşam koşulları Better housing and living conditions",1278,2080,-802
"Burdur","Hane / aile fertlerinden birine bağımlı göç Migration related to any member of the household / family",1978,2318,-340
"Burdur","Aile yanına / memlekete geri dönme(1) Returning to family home / hometown(1)",449,429,20
"Burdur","Sağlık / bakım Health / care",145,95,50
"Burdur","Ev alınması Buying a house",143,513,-370
"Burdur","Emeklilik Retirement",56,81,-25
"Burdur","Diğer Other",164,198,-34
"Burdur","Bilinmeyen Unknown",526,1616,-1090
"Bursa","Tayin / iş değişikliği Assignation / change of job",9384,5965,3419
"Bursa","İşe başlamak / iş bulmak Starting / finding a job",8773,4754,4019
"Bursa","Eğitim Education",10453,16837,-6384
"Bursa","Daha iyi konut ve yaşam koşulları Better housing and living conditions",16000,11777,4223
"Bursa","Hane / aile fertlerinden birine bağımlı göç Migration related to any member of the household / family",18834,12319,6515
"Bursa","Aile yanına / memlekete geri dönme(1) Returning to family home / hometown(1)",520,3302,-2782
"Bursa","Sağlık / bakım Health / care",541,368,173
"Bursa","Ev alınması Buying a house",2413,1491,922
"Bursa","Emeklilik Retirement",421,379,42
"Bursa","Diğer Other",928,1137,-209
"Bursa","Bilinmeyen Unknown",7708,3933,3775
"Çanakkale","Tayin / iş değişikliği Assignation / change of job",2638,2198,440
"Çanakkale","İşe başlamak / iş bulmak Starting / finding a job",1608,2266,-658
"Çanakkale","Eğitim Education",6217,4227,1990
"Çanakkale","Daha iyi konut ve yaşam koşulları Better housing and living conditions",3846,3515,331
"Çanakkale","Hane / aile fertlerinden birine bağımlı göç Migration related to any member of the household / family",5223,3740,1483
"Çanakkale","Aile yanına / memlekete geri dönme(1) Returning to family home / hometown(1)",443,665,-222
"Çanakkale","Sağlık / bakım Health / care",165,180,-15
"Çanakkale","Ev alınması Buying a house",1163,617,546
"Çanakkale","Emeklilik Retirement",322,113,209
"Çanakkale","Diğer Other",400,252,148
"Çanakkale","Bilinmeyen Unknown",1370,2478,-1108
"Çankırı","Tayin / iş değişikliği Assignation / change of job",1027,1518,-491
"Çankırı","İşe başlamak / iş bulmak Starting / finding a job",933,1464,-531
"Çankırı","Eğitim Education",2710,2022,688
"Çankırı","Daha iyi konut ve yaşam koşulları Better housing and living conditions",1509,5157,-3648
"Çankırı","Hane / aile fertlerinden birine bağımlı göç Migration related to any member of the household / family",2585,4434,-1849
"Çankırı","Aile yanına / memlekete geri dönme(1) Returning to family home / hometown(1)",1280,397,883
"Çankırı","Sağlık / bakım Health / care",128,135,-7
"Çankırı","Ev alınması Buying a house",481,1788,-1307
"Çankırı","Emeklilik Retirement",275,143,132
"Çankırı","Diğer Other",1133,172,961
"Çankırı","Bilinmeyen Unknown",452,984,-532
"Çorum","Tayin / iş değişikliği Assignation / change of job",1651,2081,-430
"Çorum","İşe başlamak / iş bulmak Starting / finding a job",1079,2065,-986
"Çorum","Eğitim Education",3520,4006,-486
"Çorum","Daha iyi konut ve yaşam koşulları Better housing and living conditions",3060,5079,-2019
"Çorum","Hane / aile fertlerinden birine bağımlı göç Migration related to any member of the household / family",3141,4882,-1741
"Çorum","Aile yanına / memlekete geri dönme(1) Returning to family home / hometown(1)",1106,553,553
"Çorum","Sağlık / bakım Health / care",83,215,-132
"Çorum","Ev alınması Buying a house",489,1439,-950
"Çorum","Emeklilik Retirement",130,134,-4
"Çorum","Diğer Other",243,416,-173
"Çorum","Bilinmeyen Unknown",1179,1154,25
"Denizli","Tayin / iş değişikliği Assignation / change of job",2929,2276,653
"Denizli","İşe başlamak / iş bulmak Starting / finding a job",2339,2102,237
"Denizli","Eğitim Education",5546,5977,-431
"Denizli","Daha iyi konut ve yaşam koşulları Better housing and living conditions",3736,4018,-282
"Denizli","Hane / aile fertlerinden birine bağımlı göç Migration related to any member of the household / family",5231,4445,786
"Denizli","Aile yanına / memlekete geri dönme(1) Returning to family home / hometown(1)",377,1286,-909
"Denizli","Sağlık / bakım Health / care",194,202,-8
"Denizli","Ev alınması Buying a house",547,452,95
"Denizli","Emeklilik Retirement",125,96,29
"Denizli","Diğer Other",1219,407,812
"Denizli","Bilinmeyen Unknown",2263,2091,172
"Diyarbakır","Tayin / iş değişikliği Assignation / change of job",5292,6295,-1003
"Diyarbakır","İşe başlamak / iş bulmak Starting / finding a job",2494,4029,-1535
"Diyarbakır","Eğitim Education",6978,10032,-3054
"Diyarbakır","Daha iyi konut ve yaşam koşulları Better housing and living conditions",5988,8312,-2324
"Diyarbakır","Hane / aile fertlerinden birine bağımlı göç Migration related to any member of the household / family",11708,14246,-2538
"Diyarbakır","Aile yanına / memlekete geri dönme(1) Returning to family home / hometown(1)",3633,1047,2586
"Diyarbakır","Sağlık / bakım Health / care",127,174,-47
"Diyarbakır","Ev alınması Buying a house",1486,926,560
"Diyarbakır","Emeklilik Retirement",86,154,-68
"Diyarbakır","Diğer Other",597,962,-365
"Diyarbakır","Bilinmeyen Unknown",3144,1848,1296
"Edirne","Tayin / iş değişikliği Assignation / change of job",1913,1958,-45
"Edirne","İşe başlamak / iş bulmak Starting / finding a job",1092,2377,-1285
"Edirne","Eğitim Education",5333,2612,2721
"Edirne","Daha iyi konut ve yaşam koşulları Better housing and living conditions",2637,2302,335
"Edirne","Hane / aile fertlerinden birine bağımlı göç Migration related to any member of the household / family",3194,3151,43
"Edirne","Aile yanına / memlekete geri dönme(1) Returning to family home / hometown(1)",547,503,44
"Edirne","Sağlık / bakım Health / care",76,124,-48
"Edirne","Ev alınması Buying a house",477,396,81
"Edirne","Emeklilik Retirement",119,76,43
"Edirne","Diğer Other",252,218,34
"Edirne","Bilinmeyen Unknown",838,1859,-1021
"Elazığ","Tayin / iş değişikliği Assignation / change of job",2290,2361,-71
"Elazığ","İşe başlamak / iş bulmak Starting / finding a job",864,1813,-949
"Elazığ","Eğitim Education",4548,3940,608
"Elazığ","Daha iyi konut ve yaşam koşulları Better housing and living conditions",3654,3287,367
"Elazığ","Hane / aile fertlerinden birine bağımlı göç Migration related to any member of the household / family",4507,4208,299
"Elazığ","Aile yanına / memlekete geri dönme(1) Returning to family home / hometown(1)",976,3643,-2667
"Elazığ","Sağlık / bakım Health / care",87,146,-59
"Elazığ","Ev alınması Buying a house",829,689,140
"Elazığ","Emeklilik Retirement",131,77,54
"Elazığ","Diğer Other",360,407,-47
"Elazığ","Bilinmeyen Unknown",1071,1653,-582
"Erzincan","Tayin / iş değişikliği Assignation / change of job",1498,1781,-283
"Erzincan","İşe başlamak / iş bulmak Starting / finding a job",784,1478,-694
"Erzincan","Eğitim Education",3756,2709,1047
"Erzincan","Daha iyi konut ve yaşam koşulları Better housing and living conditions",1886,3067,-1181
"Erzincan","Hane / aile fertlerinden birine bağımlı göç Migration related to any member of the household / family",2738,3598,-860
"Erzincan","Aile yanına / memlekete geri dönme(1) Returning to family home / hometown(1)",333,369,-36
"Erzincan","Sağlık / bakım Health / care",96,80,16
"Erzincan","Ev alınması Buying a house",423,555,-132
"Erzincan","Emeklilik Retirement",79,80,-1
"Erzincan","Diğer Other",199,281,-82
"Erzincan","Bilinmeyen Unknown",512,1077,-565
"Erzurum","Tayin / iş değişikliği Assignation / change of job",2859,4305,-1446
"Erzurum","İşe başlamak / iş bulmak Starting / finding a job",1236,3541,-2305
"Erzurum","Eğitim Education",6712,5447,1265
"Erzurum","Daha iyi konut ve yaşam koşulları Better housing and living conditions",2457,5560,-3103
"Erzurum","Hane / aile fertlerinden birine bağımlı göç Migration related to any member of the household / family",5309,9228,-3919
"Erzurum","Aile yanına / memlekete geri dönme(1) Returning to family home / hometown(1)",775,604,171
"Erzurum","Sağlık / bakım Health / care",148,190,-42
"Erzurum","Ev alınması Buying a house",406,675,-269
"Erzurum","Emeklilik Retirement",83,122,-39
"Erzurum","Diğer Other",301,505,-204
"Erzurum","Bilinmeyen Unknown",1115,2473,-1358
"Eskişehir","Tayin / iş değişikliği Assignation / change of job",3760,2978,782
"Eskişehir","İşe başlamak / iş bulmak Starting / finding a job",3530,3099,431
"Eskişehir","Eğitim Education",8740,6087,2653
"Eskişehir","Daha iyi konut ve yaşam koşulları Better housing and living conditions",6545,4953,1592
"Eskişehir","Hane / aile fertlerinden birine bağımlı göç Migration related to any member of the household / family",6329,4680,1649
"Eskişehir","Aile yanına / memlekete geri dönme(1) Returning to family home / hometown(1)",600,1486,-886
"Eskişehir","Sağlık / bakım Health / care",199,193,6
"Eskişehir","Ev alınması Buying a house",1362,708,654
"Eskişehir","Emeklilik Retirement",242,177,65
"Eskişehir","Diğer Other",488,400,88
"Eskişehir","Bilinmeyen Unknown",2448,2873,-425
"Gaziantep","Tayin / iş değişikliği Assignation / change of job",5599,5310,289
"Gaziantep","İşe başlamak / iş bulmak Starting / finding a job",3836,3319,517
"Gaziantep","Eğitim Education",8276,12364,-4088
"Gaziantep","Daha iyi konut ve yaşam koşulları Better housing and living conditions",11902,7914,3988
"Gaziantep","Hane / aile fertlerinden birine bağımlı göç Migration related to any member of the household / family",10800,10739,61
"Gaziantep","Aile yanına / memlekete geri dönme(1) Returning to family home / hometown(1)",6208,2657,3551
"Gaziantep","Sağlık / bakım Health / care",72,148,-76
"Gaziantep","Ev alınması Buying a house",1807,864,943
"Gaziantep","Emeklilik Retirement",124,128,-4
"Gaziantep","Diğer Other",610,1004,-394
"Gaziantep","Bilinmeyen Unknown",3724,2029,1695
"Giresun","Tayin / iş değişikliği Assignation / change of job",1848,1952,-104
"Giresun","İşe başlamak / iş bulmak Starting / finding a job",1024,2091,-1067
"Giresun","Eğitim Education",4001,3908,93
"Giresun","Daha iyi konut ve yaşam koşulları Better housing and living conditions",3150,6143,-2993
"Giresun","Hane / aile fertlerinden birine bağımlı göç Migration related to any member of the household / family",4025,4391,-366
"Giresun","Aile yanına / memlekete geri dönme(1) Returning to family home / hometown(1)",185,650,-465
"Giresun","Sağlık / bakım Health / care",140,173,-33
"Giresun","Ev alınması Buying a house",579,916,-337
"Giresun","Emeklilik Retirement",173,163,10
"Giresun","Diğer Other",414,270,144
"Giresun","Bilinmeyen Unknown",1227,1406,-179
"Gümüşhane","Tayin / iş değişikliği Assignation / change of job",656,1239,-583
"Gümüşhane","İşe başlamak / iş bulmak Starting / finding a job",318,1912,-1594
"Gümüşhane","Eğitim Education",3839,2759,1080
"Gümüşhane","Daha iyi konut ve yaşam koşulları Better housing and living conditions",1295,4865,-3570
"Gümüşhane","Hane / aile fertlerinden birine bağımlı göç Migration related to any member of the household / family",2656,4214,-1558
"Gümüşhane","Aile yanına / memlekete geri dönme(1) Returning to family home / hometown(1)",940,397,543
"Gümüşhane","Sağlık / bakım Health / care",24,96,-72
"Gümüşhane","Ev alınması Buying a house",227,1278,-1051
"Gümüşhane","Emeklilik Retirement",100,114,-14
"Gümüşhane","Diğer Other",1522,131,1391
"Gümüşhane","Bilinmeyen Unknown",381,1008,-627
"Hakkari","Tayin / iş değişikliği Assignation / change of job",1769,3075,-1306
"Hakkari","İşe başlamak / iş bulmak Starting / finding a job",316,1451,-1135
"Hakkari","Eğitim Education",1416,1961,-545
"Hakkari","Daha iyi konut ve yaşam koşulları Better housing and living conditions",1546,2128,-582
"Hakkari","Hane / aile fertlerinden birine bağımlı göç Migration related to any member of the household / family",2002,3360,-1358
"Hakkari","Aile yanına / memlekete geri dönme(1) Returning to family home / hometown(1)",329,343,-14
"Hakkari","Sağlık / bakım Health / care",4,36,-32
"Hakkari","Ev alınması Buying a house",37,262,-225
"Hakkari","Emeklilik Retirement",5,26,-21
"Hakkari","Diğer Other",85,266,-181
"Hakkari","Bilinmeyen Unknown",593,487,106
"Hatay","Tayin / iş değişikliği Assignation / change of job",4180,4840,-660
"Hatay","İşe başlamak / iş bulmak Starting / finding a job",2434,3485,-1051
"Hatay","Eğitim Education",4718,10456,-5738
"Hatay","Daha iyi konut ve yaşam koşulları Better housing and living conditions",3967,11473,-7506
"Hatay","Hane / aile fertlerinden birine bağımlı göç Migration related to any member of the household / family",6372,11515,-5143
"Hatay","Aile yanına / memlekete geri dönme(1) Returning to family home / hometown(1)",23433,1155,22278
"Hatay","Sağlık / bakım Health / care",116,211,-95
"Hatay","Ev alınması Buying a house",460,955,-495
"Hatay","Emeklilik Retirement",107,220,-113
"Hatay","Diğer Other",1492,1242,250
"Hatay","Bilinmeyen Unknown",3205,1849,1356
"Isparta","Tayin / iş değişikliği Assignation / change of job",1943,1976,-33
"Isparta","İşe başlamak / iş bulmak Starting / finding a job",932,2233,-1301
"Isparta","Eğitim Education",6741,3867,2874
"Isparta","Daha iyi konut ve yaşam koşulları Better housing and living conditions",2533,2644,-111
"Isparta","Hane / aile fertlerinden birine bağımlı göç Migration related to any member of the household / family",3181,3358,-177
"Isparta","Aile yanına / memlekete geri dönme(1) Returning to family home / hometown(1)",367,760,-393
"Isparta","Sağlık / bakım Health / care",116,96,20
"Isparta","Ev alınması Buying a house",379,438,-59
"Isparta","Emeklilik Retirement",89,68,21
"Isparta","Diğer Other",234,204,30
"Isparta","Bilinmeyen Unknown",828,3047,-2219
"Mersin","Tayin / iş değişikliği Assignation / change of job",5956,4670,1286
"Mersin","İşe başlamak / iş bulmak Starting / finding a job",4307,4013,294
"Mersin","Eğitim Education",9659,12158,-2499
"Mersin","Daha iyi konut ve yaşam koşulları Better housing and living conditions",13814,9474,4340
"Mersin","Hane / aile fertlerinden birine bağımlı göç Migration related to any member of the household / family",14305,10279,4026
"Mersin","Aile yanına / memlekete geri dönme(1) Returning to family home / hometown(1)",317,5373,-5056
"Mersin","Sağlık / bakım Health / care",211,402,-191
"Mersin","Ev alınması Buying a house",2261,1122,1139
"Mersin","Emeklilik Retirement",377,199,178
"Mersin","Diğer Other",895,919,-24
"Mersin","Bilinmeyen Unknown",4899,3048,1851
"İstanbul","Tayin / iş değişikliği Assignation / change of job",40805,31858,8947
"İstanbul","İşe başlamak / iş bulmak Starting / finding a job",44819,22044,22775
"İstanbul","Eğitim Education",48636,38882,9754
"İstanbul","Daha iyi konut ve yaşam koşulları Better housing and living conditions",109315,85230,24085
"İstanbul","Hane / aile fertlerinden birine bağımlı göç Migration related to any member of the household / family",78012,88212,-10200
"İstanbul","Aile yanına / memlekete geri dönme(1) Returning to family home / hometown(1)",2813,19540,-16727
"İstanbul","Sağlık / bakım Health / care",2008,2201,-193
"İstanbul","Ev alınması Buying a house",14025,20237,-6212
"İstanbul","Emeklilik Retirement",2210,4349,-2139
"İstanbul","Diğer Other",5880,13017,-7137
"İstanbul","Bilinmeyen Unknown",24393,23780,613
"İzmir","Tayin / iş değişikliği Assignation / change of job",14651,11121,3530
"İzmir","İşe başlamak / iş bulmak Starting / finding a job",12267,7945,4322
"İzmir","Eğitim Education",19113,16473,2640
"İzmir","Daha iyi konut ve yaşam koşulları Better housing and living conditions",24093,19983,4110
"İzmir","Hane / aile fertlerinden birine bağımlı göç Migration related to any member of the household / family",23634,20456,3178
"İzmir","Aile yanına / memlekete geri dönme(1) Returning to family home / hometown(1)",903,5443,-4540
"İzmir","Sağlık / bakım Health / care",894,743,151
"İzmir","Ev alınması Buying a house",3221,3268,-47
"İzmir","Emeklilik Retirement",780,826,-46
"İzmir","Diğer Other",1772,1861,-89
"İzmir","Bilinmeyen Unknown",8016,7805,211
"Kars","Tayin / iş değişikliği Assignation / change of job",1262,2915,-1653
"Kars","İşe başlamak / iş bulmak Starting / finding a job",448,1645,-1197
"Kars","Eğitim Education",2833,2743,90
"Kars","Daha iyi konut ve yaşam koşulları Better housing and living conditions",948,2496,-1548
"Kars","Hane / aile fertlerinden birine bağımlı göç Migration related to any member of the household / family",2231,3993,-1762
"Kars","Aile yanına / memlekete geri dönme(1) Returning to family home / hometown(1)",564,256,308
"Kars","Sağlık / bakım Health / care",40,92,-52
"Kars","Ev alınması Buying a house",139,458,-319
"Kars","Emeklilik Retirement",30,46,-16
"Kars","Diğer Other",109,225,-116
"Kars","Bilinmeyen Unknown",470,925,-455
"Kastamonu","Tayin / iş değişikliği Assignation / change of job",1679,2822,-1143
"Kastamonu","İşe başlamak / iş bulmak Starting / finding a job",1397,1919,-522
"Kastamonu","Eğitim Education",3987,3107,880
"Kastamonu","Daha iyi konut ve yaşam koşulları Better housing and living conditions",2672,5167,-2495
"Kastamonu","Hane / aile fertlerinden birine bağımlı göç Migration related to any member of the household / family",2836,3851,-1015
"Kastamonu","Aile yanına / memlekete geri dönme(1) Returning to family home / hometown(1)",781,498,283
"Kastamonu","Sağlık / bakım Health / care",159,160,-1
"Kastamonu","Ev alınması Buying a house",410,718,-308
"Kastamonu","Emeklilik Retirement",217,116,101
"Kastamonu","Diğer Other",299,208,91
"Kastamonu","Bilinmeyen Unknown",754,1567,-813
"Kayseri","Tayin / iş değişikliği Assignation / change of job",4381,3725,656
"Kayseri","İşe başlamak / iş bulmak Starting / finding a job",3118,2894,224
"Kayseri","Eğitim Education",6755,9490,-2735
"Kayseri","Daha iyi konut ve yaşam koşulları Better housing and living conditions",6912,5430,1482
"Kayseri","Hane / aile fertlerinden birine bağımlı göç Migration related to any member of the household / family",9106,6817,2289
"Kayseri","Aile yanına / memlekete geri dönme(1) Returning to family home / hometown(1)",465,2034,-1569
"Kayseri","Sağlık / bakım Health / care",159,199,-40
"Kayseri","Ev alınması Buying a house",1762,791,971
"Kayseri","Emeklilik Retirement",234,187,47
"Kayseri","Diğer Other",410,721,-311
"Kayseri","Bilinmeyen Unknown",2704,2364,340
"Kırklareli","Tayin / iş değişikliği Assignation / change of job",1674,1562,112
"Kırklareli","İşe başlamak / iş bulmak Starting / finding a job",1284,1525,-241
"Kırklareli","Eğitim Education",3340,2253,1087
"Kırklareli","Daha iyi konut ve yaşam koşulları Better housing and living conditions",2022,2431,-409
"Kırklareli","Hane / aile fertlerinden birine bağımlı göç Migration related to any member of the household / family",3805,3082,723
"Kırklareli","Aile yanına / memlekete geri dönme(1) Returning to family home / hometown(1)",451,520,-69
"Kırklareli","Sağlık / bakım Health / care",151,88,63
"Kırklareli","Ev alınması Buying a house",625,510,115
"Kırklareli","Emeklilik Retirement",125,88,37
"Kırklareli","Diğer Other",222,146,76
"Kırklareli","Bilinmeyen Unknown",785,1222,-437
"Kırşehir","Tayin / iş değişikliği Assignation / change of job",1165,1274,-109
"Kırşehir","İşe başlamak / iş bulmak Starting / finding a job",790,1243,-453
"Kırşehir","Eğitim Education",3268,2649,619
"Kırşehir","Daha iyi konut ve yaşam koşulları Better housing and living conditions",1931,2062,-131
"Kırşehir","Hane / aile fertlerinden birine bağımlı göç Migration related to any member of the household / family",2143,2107,36
"Kırşehir","Aile yanına / memlekete geri dönme(1) Returning to family home / hometown(1)",257,577,-320
"Kırşehir","Sağlık / bakım Health / care",154,136,18
"Kırşehir","Ev alınması Buying a house",339,581,-242
"Kırşehir","Emeklilik Retirement",62,50,12
"Kırşehir","Diğer Other",221,174,47
"Kırşehir","Bilinmeyen Unknown",582,1121,-539
"Kocaeli","Tayin / iş değişikliği Assignation / change of job",8004,6288,1716
"Kocaeli","İşe başlamak / iş bulmak Starting / finding a job",7434,4219,3215
"Kocaeli","Eğitim Education",8839,11974,-3135
"Kocaeli","Daha iyi konut ve yaşam koşulları Better housing and living conditions",20417,13250,7167
"Kocaeli","Hane / aile fertlerinden birine bağımlı göç Migration related to any member of the household / family",18337,13217,5120
"Kocaeli","Aile yanına / memlekete geri dönme(1) Returning to family home / hometown(1)",322,2664,-2342
"Kocaeli","Sağlık / bakım Health / care",515,354,161
"Kocaeli","Ev alınması Buying a house",3853,1811,2042
"Kocaeli","Emeklilik Retirement",469,464,5
"Kocaeli","Diğer Other",1096,1688,-592
"Kocaeli","Bilinmeyen Unknown",5048,3874,1174
"Konya","Tayin / iş değişikliği Assignation / change of job",5916,5241,675
"Konya","İşe başlamak / iş bulmak Starting / finding a job",4690,5704,-1014
"Konya","Eğitim Education",13786,13469,317
"Konya","Daha iyi konut ve yaşam koşulları Better housing and living conditions",7287,8429,-1142
"Konya","Hane / aile fertlerinden birine bağımlı göç Migration related to any member of the household / family",11797,10004,1793
"Konya","Aile yanına / memlekete geri dönme(1) Returning to family home / hometown(1)",1252,3239,-1987
"Konya","Sağlık / bakım Health / care",581,244,337
"Konya","Ev alınması Buying a house",1128,1366,-238
"Konya","Emeklilik Retirement",255,227,28
"Konya","Diğer Other",673,837,-164
"Konya","Bilinmeyen Unknown",3506,4409,-903
"Kütahya","Tayin / iş değişikliği Assignation / change of job",1745,1961,-216
"Kütahya","İşe başlamak / iş bulmak Starting / finding a job",1122,2489,-1367
"Kütahya","Eğitim Education",7085,4965,2120
"Kütahya","Daha iyi konut ve yaşam koşulları Better housing and living conditions",2404,2779,-375
"Kütahya","Hane / aile fertlerinden birine bağımlı göç Migration related to any member of the household / family",2610,3137,-527
"Kütahya","Aile yanına / memlekete geri dönme(1) Returning to family home / hometown(1)",815,475,340
"Kütahya","Sağlık / bakım Health / care",89,120,-31
"Kütahya","Ev alınması Buying a house",368,519,-151
"Kütahya","Emeklilik Retirement",113,79,34
"Kütahya","Diğer Other",196,233,-37
"Kütahya","Bilinmeyen Unknown",1096,2722,-1626
"Malatya","Tayin / iş değişikliği Assignation / change of job",2397,3123,-726
"Malatya","İşe başlamak / iş bulmak Starting / finding a job",1141,2608,-1467
"Malatya","Eğitim Education",7075,5767,1308
"Malatya","Daha iyi konut ve yaşam koşulları Better housing and living conditions",2905,7013,-4108
"Malatya","Hane / aile fertlerinden birine bağımlı göç Migration related to any member of the household / family",3937,6780,-2843
"Malatya","Aile yanına / memlekete geri dönme(1) Returning to family home / hometown(1)",15845,1569,14276
"Malatya","Sağlık / bakım Health / care",140,186,-46
"Malatya","Ev alınması Buying a house",274,955,-681
"Malatya","Emeklilik Retirement",80,151,-71
"Malatya","Diğer Other",860,558,302
"Malatya","Bilinmeyen Unknown",1311,1671,-360
"Manisa","Tayin / iş değişikliği Assignation / change of job",4105,3544,561
"Manisa","İşe başlamak / iş bulmak Starting / finding a job",3342,3272,70
"Manisa","Eğitim Education",6650,8798,-2148
"Manisa","Daha iyi konut ve yaşam koşulları Better housing and living conditions",6269,6420,-151
"Manisa","Hane / aile fertlerinden birine bağımlı göç Migration related to any member of the household / family",8541,7249,1292
"Manisa","Aile yanına / memlekete geri dönme(1) Returning to family home / hometown(1)",848,1597,-749
"Manisa","Sağlık / bakım Health / care",286,255,31
"Manisa","Ev alınması Buying a house",1138,946,192
"Manisa","Emeklilik Retirement",201,191,10
"Manisa","Diğer Other",553,602,-49
"Manisa","Bilinmeyen Unknown",2954,2141,813
"Kahramanmaraş","Tayin / iş değişikliği Assignation / change of job",2733,3024,-291
"Kahramanmaraş","İşe başlamak / iş bulmak Starting / finding a job",1811,2197,-386
"Kahramanmaraş","Eğitim Education",7250,8067,-817
"Kahramanmaraş","Daha iyi konut ve yaşam koşulları Better housing and living conditions",3149,5553,-2404
"Kahramanmaraş","Hane / aile fertlerinden birine bağımlı göç Migration related to any member of the household / family",5194,5968,-774
"Kahramanmaraş","Aile yanına / memlekete geri dönme(1) Returning to family home / hometown(1)",12838,1245,11593
"Kahramanmaraş","Sağlık / bakım Health / care",406,165,241
"Kahramanmaraş","Ev alınması Buying a house",393,604,-211
"Kahramanmaraş","Emeklilik Retirement",107,93,14
"Kahramanmaraş","Diğer Other",391,641,-250
"Kahramanmaraş","Bilinmeyen Unknown",2112,1095,1017
"Mardin","Tayin / iş değişikliği Assignation / change of job",2842,3683,-841
"Mardin","İşe başlamak / iş bulmak Starting / finding a job",1692,2610,-918
"Mardin","Eğitim Education",3571,5620,-2049
"Mardin","Daha iyi konut ve yaşam koşulları Better housing and living conditions",4769,5670,-901
"Mardin","Hane / aile fertlerinden birine bağımlı göç Migration related to any member of the household / family",7312,8317,-1005
"Mardin","Aile yanına / memlekete geri dönme(1) Returning to family home / hometown(1)",1571,1201,370
"Mardin","Sağlık / bakım Health / care",176,85,91
"Mardin","Ev alınması Buying a house",683,761,-78
"Mardin","Emeklilik Retirement",50,95,-45
"Mardin","Diğer Other",457,577,-120
"Mardin","Bilinmeyen Unknown",1654,1183,471
"Muğla","Tayin / iş değişikliği Assignation / change of job",5266,3415,1851
"Muğla","İşe başlamak / iş bulmak Starting / finding a job",4147,2941,1206
"Muğla","Eğitim Education",6022,5886,136
"Muğla","Daha iyi konut ve yaşam koşulları Better housing and living conditions",12990,7934,5056
"Muğla","Hane / aile fertlerinden birine bağımlı göç Migration related to any member of the household / family",10373,6945,3428
"Muğla","Aile yanına / memlekete geri dönme(1) Returning to family home / hometown(1)",255,2403,-2148
"Muğla","Sağlık / bakım Health / care",213,303,-90
"Muğla","Ev alınması Buying a house",2100,1301,799
"Muğla","Emeklilik Retirement",440,274,166
"Muğla","Diğer Other",960,537,423
"Muğla","Bilinmeyen Unknown",3665,2784,881
"Muş","Tayin / iş değişikliği Assignation / change of job",1193,2511,-1318
"Muş","İşe başlamak / iş bulmak Starting / finding a job",625,1974,-1349
"Muş","Eğitim Education",2231,2677,-446
"Muş","Daha iyi konut ve yaşam koşulları Better housing and living conditions",2930,4363,-1433
"Muş","Hane / aile fertlerinden birine bağımlı göç Migration related to any member of the household / family",2683,7232,-4549
"Muş","Aile yanına / memlekete geri dönme(1) Returning to family home / hometown(1)",536,481,55
"Muş","Sağlık / bakım Health / care",12,92,-80
"Muş","Ev alınması Buying a house",186,830,-644
"Muş","Emeklilik Retirement",15,61,-46
"Muş","Diğer Other",348,438,-90
"Muş","Bilinmeyen Unknown",673,812,-139
"Nevşehir","Tayin / iş değişikliği Assignation / change of job",1223,1154,69
"Nevşehir","İşe başlamak / iş bulmak Starting / finding a job",1178,1167,11
"Nevşehir","Eğitim Education",5359,2985,2374
"Nevşehir","Daha iyi konut ve yaşam koşulları Better housing and living conditions",1493,2062,-569
"Nevşehir","Hane / aile fertlerinden birine bağımlı göç Migration related to any member of the household / family",2631,2328,303
"Nevşehir","Aile yanına / memlekete geri dönme(1) Returning to family home / hometown(1)",458,660,-202
"Nevşehir","Sağlık / bakım Health / care",98,101,-3
"Nevşehir","Ev alınması Buying a house",368,510,-142
"Nevşehir","Emeklilik Retirement",77,58,19
"Nevşehir","Diğer Other",190,161,29
"Nevşehir","Bilinmeyen Unknown",648,1268,-620
"Niğde","Tayin / iş değişikliği Assignation / change of job",1238,1375,-137
"Niğde","İşe başlamak / iş bulmak Starting / finding a job",760,1727,-967
"Niğde","Eğitim Education",3775,3287,488
"Niğde","Daha iyi konut ve yaşam koşulları Better housing and living conditions",2363,3958,-1595
"Niğde","Hane / aile fertlerinden birine bağımlı göç Migration related to any member of the household / family",3015,3872,-857
"Niğde","Aile yanına / memlekete geri dönme(1) Returning to family home / hometown(1)",236,957,-721
"Niğde","Sağlık / bakım Health / care",53,106,-53
"Niğde","Ev alınması Buying a house",436,976,-540
"Niğde","Emeklilik Retirement",64,84,-20
"Niğde","Diğer Other",260,190,70
"Niğde","Bilinmeyen Unknown",590,1158,-568
"Ordu","Tayin / iş değişikliği Assignation / change of job",2528,2726,-198
"Ordu","İşe başlamak / iş bulmak Starting / finding a job",1614,2576,-962
"Ordu","Eğitim Education",4077,5795,-1718
"Ordu","Daha iyi konut ve yaşam koşulları Better housing and living conditions",4094,7090,-2996
"Ordu","Hane / aile fertlerinden birine bağımlı göç Migration related to any member of the household / family",6163,6200,-37
"Ordu","Aile yanına / memlekete geri dönme(1) Returning to family home / hometown(1)",1229,677,552
"Ordu","Sağlık / bakım Health / care",77,257,-180
"Ordu","Ev alınması Buying a house",936,1158,-222
"Ordu","Emeklilik Retirement",236,201,35
"Ordu","Diğer Other",360,441,-81
"Ordu","Bilinmeyen Unknown",1929,1259,670
"Rize","Tayin / iş değişikliği Assignation / change of job",1155,1435,-280
"Rize","İşe başlamak / iş bulmak Starting / finding a job",713,1506,-793
"Rize","Eğitim Education",3308,3116,192
"Rize","Daha iyi konut ve yaşam koşulları Better housing and living conditions",2655,4324,-1669
"Rize","Hane / aile fertlerinden birine bağımlı göç Migration related to any member of the household / family",2617,3507,-890
"Rize","Aile yanına / memlekete geri dönme(1) Returning to family home / hometown(1)",710,552,158
"Rize","Sağlık / bakım Health / care",96,105,-9
"Rize","Ev alınması Buying a house",362,838,-476
"Rize","Emeklilik Retirement",91,125,-34
"Rize","Diğer Other",241,208,33
"Rize","Bilinmeyen Unknown",927,1145,-218
"Sakarya","Tayin / iş değişikliği Assignation / change of job",3562,2700,862
"Sakarya","İşe başlamak / iş bulmak Starting / finding a job",2635,2814,-179
"Sakarya","Eğitim Education",7429,6668,761
"Sakarya","Daha iyi konut ve yaşam koşulları Better housing and living conditions",7902,5645,2257
"Sakarya","Hane / aile fertlerinden birine bağımlı göç Migration related to any member of the household / family",8322,5391,2931
"Sakarya","Aile yanına / memlekete geri dönme(1) Returning to family home / hometown(1)",107,890,-783
"Sakarya","Sağlık / bakım Health / care",133,180,-47
"Sakarya","Ev alınması Buying a house",1905,770,1135
"Sakarya","Emeklilik Retirement",283,147,136
"Sakarya","Diğer Other",476,459,17
"Sakarya","Bilinmeyen Unknown",2428,3072,-644
"Samsun","Tayin / iş değişikliği Assignation / change of job",4815,4417,398
"Samsun","İşe başlamak / iş bulmak Starting / finding a job",3742,4040,-298
"Samsun","Eğitim Education",9523,9860,-337
"Samsun","Daha iyi konut ve yaşam koşulları Better housing and living conditions",9431,7518,1913
"Samsun","Hane / aile fertlerinden birine bağımlı göç Migration related to any member of the household / family",9399,8209,1190
"Samsun","Aile yanına / memlekete geri dönme(1) Returning to family home / hometown(1)",1280,1586,-306
"Samsun","Sağlık / bakım Health / care",330,284,46
"Samsun","Ev alınması Buying a house",1845,1305,540
"Samsun","Emeklilik Retirement",394,156,238
"Samsun","Diğer Other",618,650,-32
"Samsun","Bilinmeyen Unknown",3405,2862,543
"Siirt","Tayin / iş değişikliği Assignation / change of job",1209,4352,-3143
"Siirt","İşe başlamak / iş bulmak Starting / finding a job",594,1822,-1228
"Siirt","Eğitim Education",2211,2588,-377
"Siirt","Daha iyi konut ve yaşam koşulları Better housing and living conditions",1468,3287,-1819
"Siirt","Hane / aile fertlerinden birine bağımlı göç Migration related to any member of the household / family",3129,6324,-3195
"Siirt","Aile yanına / memlekete geri dönme(1) Returning to family home / hometown(1)",72,543,-471
"Siirt","Sağlık / bakım Health / care",30,68,-38
"Siirt","Ev alınması Buying a house",191,619,-428
"Siirt","Emeklilik Retirement",19,81,-62
"Siirt","Diğer Other",122,310,-188
"Siirt","Bilinmeyen Unknown",506,684,-178
"Sinop","Tayin / iş değişikliği Assignation / change of job",899,1159,-260
"Sinop","İşe başlamak / iş bulmak Starting / finding a job",538,1363,-825
"Sinop","Eğitim Education",2907,2274,633
"Sinop","Daha iyi konut ve yaşam koşulları Better housing and living conditions",2338,2959,-621
"Sinop","Hane / aile fertlerinden birine bağımlı göç Migration related to any member of the household / family",2041,2687,-646
"Sinop","Aile yanına / memlekete geri dönme(1) Returning to family home / hometown(1)",295,291,4
"Sinop","Sağlık / bakım Health / care",151,131,20
"Sinop","Ev alınması Buying a house",354,559,-205
"Sinop","Emeklilik Retirement",163,67,96
"Sinop","Diğer Other",219,211,8
"Sinop","Bilinmeyen Unknown",526,844,-318
"Sivas","Tayin / iş değişikliği Assignation / change of job",2374,3604,-1230
"Sivas","İşe başlamak / iş bulmak Starting / finding a job",1312,3039,-1727
"Sivas","Eğitim Education",5957,4685,1272
"Sivas","Daha iyi konut ve yaşam koşulları Better housing and living conditions",3573,8854,-5281
"Sivas","Hane / aile fertlerinden birine bağımlı göç Migration related to any member of the household / family",4254,7529,-3275
"Sivas","Aile yanına / memlekete geri dönme(1) Returning to family home / hometown(1)",989,1468,-479
"Sivas","Sağlık / bakım Health / care",99,250,-151
"Sivas","Ev alınması Buying a house",655,1757,-1102
"Sivas","Emeklilik Retirement",138,228,-90
"Sivas","Diğer Other",434,421,13
"Sivas","Bilinmeyen Unknown",1066,2134,-1068
"Tekirdağ","Tayin / iş değişikliği Assignation / change of job",5605,3917,1688
"Tekirdağ","İşe başlamak / iş bulmak Starting / finding a job",5885,2947,2938
"Tekirdağ","Eğitim Education",3825,6347,-2522
"Tekirdağ","Daha iyi konut ve yaşam koşulları Better housing and living conditions",8490,8037,453
"Tekirdağ","Hane / aile fertlerinden birine bağımlı göç Migration related to any member of the household / family",17766,8732,9034
"Tekirdağ","Aile yanına / memlekete geri dönme(1) Returning to family home / hometown(1)",594,1703,-1109
"Tekirdağ","Sağlık / bakım Health / care",440,272,168
"Tekirdağ","Ev alınması Buying a house",3311,1069,2242
"Tekirdağ","Emeklilik Retirement",349,285,64
"Tekirdağ","Diğer Other",747,696,51
"Tekirdağ","Bilinmeyen Unknown",2986,1967,1019
"Tokat","Tayin / iş değişikliği Assignation / change of job",2482,2791,-309
"Tokat","İşe başlamak / iş bulmak Starting / finding a job",1163,3218,-2055
"Tokat","Eğitim Education",5014,4880,134
"Tokat","Daha iyi konut ve yaşam koşulları Better housing and living conditions",6015,7884,-1869
"Tokat","Hane / aile fertlerinden birine bağımlı göç Migration related to any member of the household / family",10473,7439,3034
"Tokat","Aile yanına / memlekete geri dönme(1) Returning to family home / hometown(1)",1193,701,492
"Tokat","Sağlık / bakım Health / care",150,185,-35
"Tokat","Ev alınması Buying a house",1356,1725,-369
"Tokat","Emeklilik Retirement",427,207,220
"Tokat","Diğer Other",7956,289,7667
"Tokat","Bilinmeyen Unknown",1416,1555,-139
"Trabzon","Tayin / iş değişikliği Assignation / change of job",2447,2890,-443
"Trabzon","İşe başlamak / iş bulmak Starting / finding a job",1552,2759,-1207
"Trabzon","Eğitim Education",7131,5882,1249
"Trabzon","Daha iyi konut ve yaşam koşulları Better housing and living conditions",4840,5946,-1106
"Trabzon","Hane / aile fertlerinden birine bağımlı göç Migration related to any member of the household / family",5258,5548,-290
"Trabzon","Aile yanına / memlekete geri dönme(1) Returning to family home / hometown(1)",876,959,-83
"Trabzon","Sağlık / bakım Health / care",166,179,-13
"Trabzon","Ev alınması Buying a house",920,1096,-176
"Trabzon","Emeklilik Retirement",208,174,34
"Trabzon","Diğer Other",504,510,-6
"Trabzon","Bilinmeyen Unknown",1881,2494,-613
"Tunceli","Tayin / iş değişikliği Assignation / change of job",1366,1614,-248
"Tunceli","İşe başlamak / iş bulmak Starting / finding a job",194,642,-448
"Tunceli","Eğitim Education",1593,1077,516
"Tunceli","Daha iyi konut ve yaşam koşulları Better housing and living conditions",553,1588,-1035
"Tunceli","Hane / aile fertlerinden birine bağımlı göç Migration related to any member of the household / family",1390,2293,-903
"Tunceli","Aile yanına / memlekete geri dönme(1) Returning to family home / hometown(1)",491,342,149
"Tunceli","Sağlık / bakım Health / care",486,62,424
"Tunceli","Ev alınması Buying a house",104,402,-298
"Tunceli","Emeklilik Retirement",24,48,-24
"Tunceli","Diğer Other",94,106,-12
"Tunceli","Bilinmeyen Unknown",199,485,-286
"Şanlıurfa","Tayin / iş değişikliği Assignation / change of job",3852,6681,-2829
"Şanlıurfa","İşe başlamak / iş bulmak Starting / finding a job",2621,4075,-1454
"Şanlıurfa","Eğitim Education",4919,9943,-5024
"Şanlıurfa","Daha iyi konut ve yaşam koşulları Better housing and living conditions",7985,11804,-3819
"Şanlıurfa","Hane / aile fertlerinden birine bağımlı göç Migration related to any member of the household / family",12046,16120,-4074
"Şanlıurfa","Aile yanına / memlekete geri dönme(1) Returning to family home / hometown(1)",3084,4048,-964
"Şanlıurfa","Sağlık / bakım Health / care",66,145,-79
"Şanlıurfa","Ev alınması Buying a house",1046,1581,-535
"Şanlıurfa","Emeklilik Retirement",57,119,-62
"Şanlıurfa","Diğer Other",627,1185,-558
"Şanlıurfa","Bilinmeyen Unknown",3526,1590,1936
"Uşak","Tayin / iş değişikliği Assignation / change of job",959,1061,-102
"Uşak","İşe başlamak / iş bulmak Starting / finding a job",698,1329,-631
"Uşak","Eğitim Education",3300,3027,273
"Uşak","Daha iyi konut ve yaşam koşulları Better housing and living conditions",2026,1659,367
"Uşak","Hane / aile fertlerinden birine bağımlı göç Migration related to any member of the household / family",2042,1807,235
"Uşak","Aile yanına / memlekete geri dönme(1) Returning to family home / hometown(1)",46,425,-379
"Uşak","Sağlık / bakım Health / care",75,88,-13
"Uşak","Ev alınması Buying a house",330,260,70
"Uşak","Emeklilik Retirement",75,46,29
"Uşak","Diğer Other",166,191,-25
"Uşak","Bilinmeyen Unknown",771,1349,-578
"Van","Tayin / iş değişikliği Assignation / change of job",3657,6986,-3329
"Van","İşe başlamak / iş bulmak Starting / finding a job",2077,4310,-2233
"Van","Eğitim Education",4932,7140,-2208
"Van","Daha iyi konut ve yaşam koşulları Better housing and living conditions",7023,9007,-1984
"Van","Hane / aile fertlerinden birine bağımlı göç Migration related to any member of the household / family",7270,18465,-11195
"Van","Aile yanına / memlekete geri dönme(1) Returning to family home / hometown(1)",1587,791,796
"Van","Sağlık / bakım Health / care",60,144,-84
"Van","Ev alınması Buying a house",643,1391,-748
"Van","Emeklilik Retirement",60,129,-69
"Van","Diğer Other",364,1276,-912
"Van","Bilinmeyen Unknown",2260,1610,650
"Yozgat","Tayin / iş değişikliği Assignation / change of job",1572,2852,-1280
"Yozgat","İşe başlamak / iş bulmak Starting / finding a job",1436,2303,-867
"Yozgat","Eğitim Education",3746,3847,-101
"Yozgat","Daha iyi konut ve yaşam koşulları Better housing and living conditions",2039,4860,-2821
"Yozgat","Hane / aile fertlerinden birine bağımlı göç Migration related to any member of the household / family",3464,5469,-2005
"Yozgat","Aile yanına / memlekete geri dönme(1) Returning to family home / hometown(1)",804,623,181
"Yozgat","Sağlık / bakım Health / care",124,204,-80
"Yozgat","Ev alınması Buying a house",364,1687,-1323
"Yozgat","Emeklilik Retirement",134,131,3
"Yozgat","Diğer Other",643,283,360
"Yozgat","Bilinmeyen Unknown",1013,1176,-163
"Zonguldak","Tayin / iş değişikliği Assignation / change of job",1611,2020,-409
"Zonguldak","İşe başlamak / iş bulmak Starting / finding a job",1094,2557,-1463
"Zonguldak","Eğitim Education",5033,4722,311
"Zonguldak","Daha iyi konut ve yaşam koşulları Better housing and living conditions",2870,3705,-835
"Zonguldak","Hane / aile fertlerinden birine bağımlı göç Migration related to any member of the household / family",3638,3668,-30
"Zonguldak","Aile yanına / memlekete geri dönme(1) Returning to family home / hometown(1)",695,583,112
"Zonguldak","Sağlık / bakım Health / care",133,162,-29
"Zonguldak","Ev alınması Buying a house",331,545,-214
"Zonguldak","Emeklilik Retirement",99,116,-17
"Zonguldak","Diğer Other",302,323,-21
"Zonguldak","Bilinmeyen Unknown",1326,1940,-614
"Aksaray","Tayin / iş değişikliği Assignation / change of job",1477,1499,-22
"Aksaray","İşe başlamak / iş bulmak Starting / finding a job",1315,1297,18
"Aksaray","Eğitim Education",3068,3259,-191
"Aksaray","Daha iyi konut ve yaşam koşulları Better housing and living conditions",2068,2432,-364
"Aksaray","Hane / aile fertlerinden birine bağımlı göç Migration related to any member of the household / family",3331,2772,559
"Aksaray","Aile yanına / memlekete geri dönme(1) Returning to family home / hometown(1)",243,930,-687
"Aksaray","Sağlık / bakım Health / care",79,75,4
"Aksaray","Ev alınması Buying a house",365,643,-278
"Aksaray","Emeklilik Retirement",74,66,8
"Aksaray","Diğer Other",196,277,-81
"Aksaray","Bilinmeyen Unknown",912,920,-8
"Bayburt","Tayin / iş değişikliği Assignation / change of job",603,1241,-638
"Bayburt","İşe başlamak / iş bulmak Starting / finding a job",419,788,-369
"Bayburt","Eğitim Education",2073,1561,512
"Bayburt","Daha iyi konut ve yaşam koşulları Better housing and living conditions",630,1662,-1032
"Bayburt","Hane / aile fertlerinden birine bağımlı göç Migration related to any member of the household / family",1132,1748,-616
"Bayburt","Aile yanına / memlekete geri dönme(1) Returning to family home / hometown(1)",38,168,-130
"Bayburt","Sağlık / bakım Health / care",26,27,-1
"Bayburt","Ev alınması Buying a house",117,300,-183
"Bayburt","Emeklilik Retirement",24,39,-15
"Bayburt","Diğer Other",243,82,161
"Bayburt","Bilinmeyen Unknown",212,712,-500
"Karaman","Tayin / iş değişikliği Assignation / change of job",888,1322,-434
"Karaman","İşe başlamak / iş bulmak Starting / finding a job",763,1386,-623
"Karaman","Eğitim Education",3485,3009,476
"Karaman","Daha iyi konut ve yaşam koşulları Better housing and living conditions",1503,1361,142
"Karaman","Hane / aile fertlerinden birine bağımlı göç Migration related to any member of the household / family",1905,1999,-94
"Karaman","Aile yanına / memlekete geri dönme(1) Returning to family home / hometown(1)",218,627,-409
"Karaman","Sağlık / bakım Health / care",47,70,-23
"Karaman","Ev alınması Buying a house",204,274,-70
"Karaman","Emeklilik Retirement",41,57,-16
"Karaman","Diğer Other",221,120,101
"Karaman","Bilinmeyen Unknown",617,928,-311
"Kırıkkale","Tayin / iş değişikliği Assignation / change of job",1269,1658,-389
"Kırıkkale","İşe başlamak / iş bulmak Starting / finding a job",1117,1793,-676
"Kırıkkale","Eğitim Education",3764,2541,1223
"Kırıkkale","Daha iyi konut ve yaşam koşulları Better housing and living conditions",2732,3428,-696
"Kırıkkale","Hane / aile fertlerinden birine bağımlı göç Migration related to any member of the household / family",2152,3174,-1022
"Kırıkkale","Aile yanına / memlekete geri dönme(1) Returning to family home / hometown(1)",283,731,-448
"Kırıkkale","Sağlık / bakım Health / care",181,130,51
"Kırıkkale","Ev alınması Buying a house",501,1074,-573
"Kırıkkale","Emeklilik Retirement",109,87,22
"Kırıkkale","Diğer Other",218,220,-2
"Kırıkkale","Bilinmeyen Unknown",696,1291,-595
"Batman","Tayin / iş değişikliği Assignation / change of job",2131,2475,-344
"Batman","İşe başlamak / iş bulmak Starting / finding a job",1333,1888,-555
"Batman","Eğitim Education",2715,4394,-1679
"Batman","Daha iyi konut ve yaşam koşulları Better housing and living conditions",3169,4088,-919
"Batman","Hane / aile fertlerinden birine bağımlı göç Migration related to any member of the household / family",7629,5890,1739
"Batman","Aile yanına / memlekete geri dönme(1) Returning to family home / hometown(1)",373,832,-459
"Batman","Sağlık / bakım Health / care",60,77,-17
"Batman","Ev alınması Buying a house",872,540,332
"Batman","Emeklilik Retirement",42,64,-22
"Batman","Diğer Other",344,406,-62
"Batman","Bilinmeyen Unknown",1412,806,606
"Şırnak","Tayin / iş değişikliği Assignation / change of job",3114,6917,-3803
"Şırnak","İşe başlamak / iş bulmak Starting / finding a job",799,1465,-666
"Şırnak","Eğitim Education",1628,2977,-1349
"Şırnak","Daha iyi konut ve yaşam koşulları Better housing and living conditions",1894,2532,-638
"Şırnak","Hane / aile fertlerinden birine bağımlı göç Migration related to any member of the household / family",5572,6225,-653
"Şırnak","Aile yanına / memlekete geri dönme(1) Returning to family home / hometown(1)",117,531,-414
"Şırnak","Sağlık / bakım Health / care",22,57,-35
"Şırnak","Ev alınması Buying a house",139,517,-378
"Şırnak","Emeklilik Retirement",15,53,-38
"Şırnak","Diğer Other",191,292,-101
"Şırnak","Bilinmeyen Unknown",933,462,471
"Bartın","Tayin / iş değişikliği Assignation / change of job",742,948,-206
"Bartın","İşe başlamak / iş bulmak Starting / finding a job",486,1181,-695
"Bartın","Eğitim Education",2777,2150,627
"Bartın","Daha iyi konut ve yaşam koşulları Better housing and living conditions",1081,1630,-549
"Bartın","Hane / aile fertlerinden birine bağımlı göç Migration related to any member of the household / family",1705,1750,-45
"Bartın","Aile yanına / memlekete geri dönme(1) Returning to family home / hometown(1)",1163,276,887
"Bartın","Sağlık / bakım Health / care",72,51,21
"Bartın","Ev alınması Buying a house",255,281,-26
"Bartın","Emeklilik Retirement",104,52,52
"Bartın","Diğer Other",213,181,32
"Bartın","Bilinmeyen Unknown",451,638,-187
"Ardahan","Tayin / iş değişikliği Assignation / change of job",562,975,-413
"Ardahan","İşe başlamak / iş bulmak Starting / finding a job",257,611,-354
"Ardahan","Eğitim Education",1276,1113,163
"Ardahan","Daha iyi konut ve yaşam koşulları Better housing and living conditions",739,1178,-439
"Ardahan","Hane / aile fertlerinden birine bağımlı göç Migration related to any member of the household / family",969,1469,-500
"Ardahan","Aile yanına / memlekete geri dönme(1) Returning to family home / hometown(1)",182,104,78
"Ardahan","Sağlık / bakım Health / care",27,40,-13
"Ardahan","Ev alınması Buying a house",40,200,-160
"Ardahan","Emeklilik Retirement",23,31,-8
"Ardahan","Diğer Other",62,112,-50
"Ardahan","Bilinmeyen Unknown",231,344,-113
"Iğdır","Tayin / iş değişikliği Assignation / change of job",785,2118,-1333
"Iğdır","İşe başlamak / iş bulmak Starting / finding a job",372,1093,-721
"Iğdır","Eğitim Education",2360,2152,208
"Iğdır","Daha iyi konut ve yaşam koşulları Better housing and living conditions",1257,1612,-355
"Iğdır","Hane / aile fertlerinden birine bağımlı göç Migration related to any member of the household / family",2018,2781,-763
"Iğdır","Aile yanına / memlekete geri dönme(1) Returning to family home / hometown(1)",106,189,-83
"Iğdır","Sağlık / bakım Health / care",34,47,-13
"Iğdır","Ev alınması Buying a house",157,238,-81
"Iğdır","Emeklilik Retirement",15,43,-28
"Iğdır","Diğer Other",94,213,-119
"Iğdır","Bilinmeyen Unknown",494,728,-234
"Yalova","Tayin / iş değişikliği Assignation / change of job",1382,1030,352
"Yalova","İşe başlamak / iş bulmak Starting / finding a job",2130,1056,1074
"Yalova","Eğitim Education",2675,2214,461
"Yalova","Daha iyi konut ve yaşam koşulları Better housing and living conditions",2818,2991,-173
"Yalova","Hane / aile fertlerinden birine bağımlı göç Migration related to any member of the household / family",4750,2625,2125
"Yalova","Aile yanına / memlekete geri dönme(1) Returning to family home / hometown(1)",402,479,-77
"Yalova","Sağlık / bakım Health / care",161,98,63
"Yalova","Ev alınması Buying a house",1029,617,412
"Yalova","Emeklilik Retirement",124,81,43
"Yalova","Diğer Other",311,245,66
"Yalova","Bilinmeyen Unknown",1029,1005,24
"Karabük","Tayin / iş değişikliği Assignation / change of job",808,1510,-702
"Karabük","İşe başlamak / iş bulmak Starting / finding a job",733,1811,-1078
"Karabük","Eğitim Education",3617,3053,564
"Karabük","Daha iyi konut ve yaşam koşulları Better housing and living conditions",1876,2160,-284
"Karabük","Hane / aile fertlerinden birine bağımlı göç Migration related to any member of the household / family",1786,2169,-383
"Karabük","Aile yanına / memlekete geri dönme(1) Returning to family home / hometown(1)",121,382,-261
"Karabük","Sağlık / bakım Health / care",55,93,-38
"Karabük","Ev alınması Buying a house",284,379,-95
"Karabük","Emeklilik Retirement",70,86,-16
"Karabük","Diğer Other",154,186,-32
"Karabük","Bilinmeyen Unknown",564,1641,-1077
"Kilis","Tayin / iş değişikliği Assignation / change of job",758,913,-155
"Kilis","İşe başlamak / iş bulmak Starting / finding a job",326,722,-396
"Kilis","Eğitim Education",2254,1574,680
"Kilis","Daha iyi konut ve yaşam koşulları Better housing and living conditions",1559,1303,256
"Kilis","Hane / aile fertlerinden birine bağımlı göç Migration related to any member of the household / family",1303,1573,-270
"Kilis","Aile yanına / memlekete geri dönme(1) Returning to family home / hometown(1)",246,777,-531
"Kilis","Sağlık / bakım Health / care",11,27,-16
"Kilis","Ev alınması Buying a house",132,239,-107
"Kilis","Emeklilik Retirement",16,34,-18
"Kilis","Diğer Other",225,85,140
"Kilis","Bilinmeyen Unknown",361,394,-33
"Osmaniye","Tayin / iş değişikliği Assignation / change of job",2340,1951,389
"Osmaniye","İşe başlamak / iş bulmak Starting / finding a job",973,1463,-490
"Osmaniye","Eğitim Education",3733,5439,-1706
"Osmaniye","Daha iyi konut ve yaşam koşulları Better housing and living conditions",3703,3280,423
"Osmaniye","Hane / aile fertlerinden birine bağımlı göç Migration related to any member of the household / family",4033,4015,18
"Osmaniye","Aile yanına / memlekete geri dönme(1) Returning to family home / hometown(1)",1780,1237,543
"Osmaniye","Sağlık / bakım Health / care",78,216,-138
"Osmaniye","Ev alınması Buying a house",396,386,10
"Osmaniye","Emeklilik Retirement",82,78,4
"Osmaniye","Diğer Other",238,413,-175
"Osmaniye","Bilinmeyen Unknown",1553,806,747
"Düzce","Tayin / iş değişikliği Assignation / change of job",1525,1279,246
"Düzce","İşe başlamak / iş bulmak Starting / finding a job",1126,1521,-395
"Düzce","Eğitim Education",3779,3016,763
"Düzce","Daha iyi konut ve yaşam koşulları Better housing and living conditions",2262,2296,-34
"Düzce","Hane / aile fertlerinden birine bağımlı göç Migration related to any member of the household / family",3473,2404,1069
"Düzce","Aile yanına / memlekete geri dönme(1) Returning to family home / hometown(1)",91,342,-251
"Düzce","Sağlık / bakım Health / care",85,75,10
"Düzce","Ev alınması Buying a house",636,345,291
"Düzce","Emeklilik Retirement",113,67,46
"Düzce","Diğer Other",203,191,12
"Düzce","Bilinmeyen Unknown",908,1234,-326
